"","text"
"1","the app is really slow i had paid for instant conselour session but it took a long time only to open the chat box even when i tried to open other feature it only keeps loading when the chatbox was opened and i wrote all of my problems there were no response at all i have waited for  hour and i dont know when will she start responding wanted to use this app to relieve my stress but it only stress me out even more i shouldve listened to all the bad review to not use this app"
"2","im not quite sure whether my concern fall to the false advertising category or not but putting tanpa harus menunggu and youll ended up have to wait at least for a week to get a schedule is quite a low shot i understand the scheduling would be a hassle but that is the service that you guys are trying to sell i honestly felt cheated when i was about to buy the package if i can have a say either change the ads or fix your scheduling system thank you"
"3","often login failed app is suck because i tried login many times but cant finished you must fix your backend process"
"4","waiting too long for a psychologists reply makes me even more frustrated even though its still at the beginning of the session to set the counseling schedule i hope this app can set the schedule automatically at first according to the psychologists availability it looks like psychologist are busy with other things and dont focus on responding to what i told them their answers way too standart even i can find it on many articles on the internet really like this app tho please fix this"
"5","i am using this for meditation since i believe counseling is better in doing it offline the meditation helps me a lot i know that meditation wont solve your problem instantly but the key is consistency so far i see my self getting better in keeping my focus and enrich my mindfulness so thank you"
"6","been using this app since january  this app helps me maintain my moods my sleeping time and take care of my mental health the journal helps a little but still need sum improvement it would be nice if the psychologcounselors could review our daily journal while we do counseling chat and also please improve the app to help those who had selfharmed issue and sudal thoughts but over all keep on the good works riliv"
"7","i used this app and their service several times and the therapist is always able to find the solution of my problem sometimes the solution is just as simple as mindset shift which i didnt see because i was too focus on the problem the therapists are very kind and able to listen without judging or belittle me and my problems thank you"
"8","there are only  genders to choose from it makes me feel rather uncomfortable but other than that everything is okay ive heard that the counseling chat is pretty good so ill try that out soon edit i just recently checked the app again and im so glad changes have been made since my last visit the pricing for the therapy sessions are thankfully affordable for me personally but i can see it being quite pricey for some but i do think that they have a lot of really good free materials"
"9","this app is really helpful besides providing online counselling with professionals it does give me self help guidance for meditations journaling helping me to get better sleep and especially the emergency ones please keep this up and better in the future"
"10","great app would be better if the meditation track can be played offline when the network quality is bad the meditation track will stop and i have to restart it offline playing will also be helpful when meditating in airplane"
"11","this app really helps me practice my meditation it offers guided meditation and step by step to improve my mind i was full of selfdoubt and anxiety before ive been meditating for about  month and i feel a lot calmer now another thing i notice is i also appreciate the little things in life more worth every penny"
"12","best app for selfhealing recommended and really worth to try guided meditation helps me to be more mindful about myself being aware and accept myself reduce my anxiety and stress meditation also helps me to become more driven and focused it helps me sleep better as well from meditation i learn that happiness is all on my mind "
"13","besically its good app but my perfectionist side of me hates it when the chat didnt start with a capital letters and the notifications where are they lol also about the psycholog is helpful but one i got they asked me back abouut my own confusion i understand its pretty subjective but still its just intricate details that i decided to give this app four star"
"14","easy to use price is okayish would be happy if its cheaper but i mean its still cheaper than most looking forward for more features"
"15","while i rarely use this app it provides contents that help me calm down during my panic or stress sessions ill give four stars since i havent tested out its full features yet but the contents i have discovered are helpful"
"16","the app is useless so i will rate it as  cuz this is google playstore right ehe we use line for consultation instead because theres a trouble with the app dam i hate line lol hope they can provide better social media instead of line for the consultation i bought the x consultation package k each k total its kinda worth it till we do the th consultation but because i kinda ignored line for a reason after the th they ignored me back  we lost contacts kinda dissapointed"
"17","cant even login"
"18","this app has helped me with mental health and sleep a lot the voices are soothing and the instructions are clear thank you for the experience"
"19","i love this app the mediation some how work and it makes me relieve a little bit however you still have to buy the premium package to unlock all the mediation"
"20","thank you for accompany me everyday i can sleep over a and release my feelings the apps very user friendly and easy to use when i feel anxiety i so clearly tune on riliv and make me relax for a minute"
"21","its a nice app it makes me go to sleep easier good contents inside can you add a dark mode option for the next update it will be better for those who are going to sleep"
"22","recently starting to try riliv because i wanna try meditation to relieve my anxiety soul and i love the app so much so glad i stumbled into this and found what i need especially bisa coba konseling juga pertahankan terus riliv"
"23","very easy to use so mindful and helpful application especially for connecting more to ourself and be more aware about surrounding very good app cant wait to be more self improved by riliv thank you riliv"
"24","riliv really helps me alot during in my worst time guide meditations journalling it helps me to discover my own self and work magically bless you to whoever made this app thank you"
"25","the app itself is ok but the counseling feature is a big no no paid for a x counseling and i thot u can directly talk to ur therapist but u hv to schedule an appmnt first and i took me several days to get scheduled with super slow response that i just gave up and missed it it claims that if u missed ur appnmt the therapist will still give u one way advice based on ur problems but i hvnt received anything up until now"
"26","very good even for someone like me who isnt from indonesia the psikolog is very neutral that i dont feel nervous talking to them feel more comfortable instead"
"27","app is great tech team doing a great job but the psychologist far way too biased jugdemental and even say bad words about my story i dont know how they source psychologist or how the psychologist got their license in the first place"
"28","suddenly stop  it cannot be opened why is that"
"29","riliv application is perfect for those of you who feel that the world will collapse right above your head for those of you who feel that your life is full of problems for the apps developers litle things will make this apps perfect"
"30","the meditations are good the journals help me to write things down the counselors are good people"
"31","i wish you could use this even if you arent above  years old im under  and i desperately need professional help but it seems like i cant get my parents to consent to this i really dont want to wait a couple of years just so i can get professional help this is the only app that has prices that are affordable"
"32","i am new to this app i got free for doing meditation it really helps me to improve my meditation skills"
"33","mood tracker feature is very useful meditation series is complete"
"34","i love the meditation content just head up to rilivco to claim free meditation guys"
"35","this app really help me to deal with my anxiety with a relativelycheap cost thank youu"
"36","so far ive been loving using riliv to do meditation or journal my emotion it helps a lot thank you"
"37","very helpful app the meditation class is worked for relaxing my mind"
"38","the meditation helps me thank you"
"39","very helpful great service and the psychologist are very nice good job"
"40","it was really helpful how they guide the meditation even in noisy area i still feel comfort to involve in meditation ngena banget deeh cus coba deh sesi meditasinyaaplgi karya ank bangsa sndri sukses terus riliv "
"41","the app is helpful the voice of therapist is so calm i can feel peace when i meditate thanks riliv"
"42","really helpful and easy to use hope it grows bigger and make more people smile"
"43","learn meditation from this app so far it helps me to be more calm havent tried another feature"
"44","thankyou very much riliv very helpful me always do the improvement ya include add the other categories of meditation and thankyou for presence nkcthi in riliv please add the other qoutes after meditation yes"
"45","i rather go to psychology today granted the website mostly releasing articles but it helps more than this app"
"46","love it the app helps me a lot to practice mbsr based meditation consistantly everyday"
"47","this app helps a lot about my mental health super helpful and informative"
"48","just tried counseling session and its really great love it"
"49","great apps this one really helps me i wish there will be more development service"
"50","good app easy to use nice interface helpful"
"51","i love it so much bahagia karena ada riliv di indonesia  so much helpful and light me up"
"52","very helpfulcan teach me how to meditation thank you"
"53","tried counseling the counselor said that i dont get to feel bad about myself because of that and then implied that it was my own fault felt worse than when i started using lol cant even be honest she asked do you feel better i said not really cause its the truth she got pissed off and started to berate me about not feeling better after yelling i am good enough  times as she told me to"
"54","love it meditation series is great pricing is reasonable"
"55","i havent got any response fromthe counsellpr and already paid idr k its like a waste"
"56","i thought i need someone to talk to i need to tell them my problem so they know that i have a hard time but not everyone will understand and with this app i realise that all i need is consolation and support thank you riliv im relieved to find this app"
"57","its a good app for meditation and make my mental health better"
"58","all in one you got meditation music even your private counselorphysicologist"
"59","thanks this app does really work i follow your tiktok account too"
"60","my chat is pending for a long time but my wifi is working"
"61","not as helpful  responsive as i expected sudah bayar paket tapi schedule tidak sesuai tau tau paket sudah expire tanpa ada sesi konsultasi buang buang uang id recommend just visit a psychologist instead if youve gathered your courage to seek for help"
"62","im better after doing my counseling and i listen meditation record before i sleep"
"63","nice app very helpful for me"
"64","now i have found many solutions to make myself happy ive been through a lot and really need help it really helps me to move forward"
"65","so good apps and make me so relax and comfortable with myself idk its very good apps"
"66","good apps for help me aware my mental health"
"67","this is very good app thank you to make my days more mindful "
"68","it helps to brighten ur mood and relax"
"69","i love mengisi kuisioner"
"70","totally usefull for me i hope next day i stay enjoy may session on this app"
"71","thanks devs need to improve some ui but thank you for making this app"
"72","sering banget nemenin di malam hari healing relaxing nice app to try"
"73","lagi error ya  ga bisa sign up nih"
"74","very good app for healing  it helps my mental health  thank u riliv"
"75","very helpful and bring some peaceful things"
"76","error when signing up"
"77","its a really good app for mindfulness"
"78","its work for my daily love it"
"79","very helpful application thank you riliv"
"80","nice app hope can ease my anxiety"
"81","easy to use this application really helpful for me"
"82","amazing enjoy with your self"
"83","hope more people will donload and use this app daily"
"84","penambahan metode bayar dgn cc would be nice "
"85","its helpfull thank you so much"
"86","so sorry to rate this i have an issues with my mental health yet the psychologist ask me for rescheduling the appointment and when the times come for me to take the appointment there is no response from the psychologist can i have my refund pls i bought about k for the consultation"
"87","really helpful app thank you"
"88","this app makes me relax thank you"
"89","this application is really good it really helps a lot"
"90","fast response very helpful"
"91","how do i remove the meditate remonders its anooying and disrupting my calendar"
"92","great app thankyou riliv"
"93","excellent very helpful app"
"94","really love this apps it help me alot"
"95","i paid but no services at all sucks"
"96","so far so good"
"97","very helpful thank you riliv "
"98","easy to use thanks"
"99","the app works really well"
"100","awesome and practical"
"101","riliv really helps me to conquer my anxiety getting away my stress be positif and mindfully person"
"102","usefull and very helpfull app"
"103","helped a lot during bad days"
"104","love so much this app"
"105","thank u for always be my friends in the midnight and in the day that i feel so bad"
"106","super helpfulll many thanksss"
"107","good for relaxing mind"
"108","proses register gagal done berhasil register"
"109","really helps me to feel much better"
"110","well done keep rock"
"111","love it very helpful"
"112","aplikasi paling the best"
"113","love uu thankyou so so much"
"114","this app is very great for someone like me"
"115","its helping reducing my stress"
"116","free  days if anyone want a referal code hpfppr"
"117","nice and easy"
"118","best than the other app"
"119","really helps me a lot"
"120","very useful apps"
"121","good for health"
"122","overall not bad thx riliv"
"123","its really reliefing"
"124","like wth we cant take counseling bc weve done self harm why tho im deleting sorry"
"125","thanks for helping"
"126","very nice app "
"127","i love this application"
"128","very helpful for me"
"129","very good apps"
"130","this app make me enjoying my life"
"131","good appsthankyou"
"132","really helping me release my emotions"
"133","this is amazing"
"134","it helps me to start a new day thank you"
"135","this apps helpful for me"
"136","good app so far"
"137","worth to try "
"138","good not great"
"139","great good job"
"140","not helpful for me"
"141","amazing meditation n concealing application luv luv"
"142","this app so good"
"143","i love this app"
"144","helps me going through my low"
"145","ok lets try and subscribe"
"146","this helps me sleep"
"147","hope its works"
"148","use my referral code jfaeqs"
"149","kode referral  vxyqi"
"150","dark mode please "
"151","aku barusan update aplikasi ini versi terbaru dan alhamdulillah jauh lebih baik dibandingkan versi sebelumnya beli paket chat x bisa pilih jadwal konseling  pilih psikolog juga sangat membantu buat aku yang bingung gapunya tempat cerita thank you riliv"
"152","sbnrny ku suka banget krn lengkap tapi suka byk error meditasi g bs diisi backsound error terus jurnal juga gagal  jd ga bs pencet panah next plis diperbaiki krn kontennya sangat membantu"
"153","selalu proses login error  sudah  hari berturutturut padahal sinyal dipakai youtube download aman aman saja aplikasi riliv nya sendiri pun sudah up to date"
"154","what a great app tp sayang konselornya slow respon dan waktunya kurang"
"155","ui nya bagus fitur yang disediakan terperinci dan berguna"
"156","aplikasinya ngelag padahal jaringannya bagusbagus aja update sudah tidak ngelag saat ini semoga tidak ngelag lagi kedepannya maju terus riliv"
"157","nunggu konfirmasi psikolog lama banget itu buat nentuin jadwal belum lg jadwalnya entah kapan sampai sekarang juga belum respon padahal urgent"
"158","media konseling yang selalu saya andalkan di saat butuh tempat untuk menampung kegelisahan saya pertahankan terus ya aplikasinya dan semoga ke depannya bisa lebih baik"
"159","selamat malam kenapa di app riliv saya selalu muncul proses gagal  ya sdh terjadi bbrp hari ini saya jadi gak bisa meditasi mohon untuk bantuannya "
"160","okela"
"161","tes kesehatan mental hasilnya butuh penanganan segera belain bayar sesi langsung lunas tp udah nunggu seharian psikolognya malah ga ada respon sesi berbayar hanya berlaku  hari kalo gini mah waktu sesi expire bukan karena user tp karena psikolog yg ga ada respon baru install mau langsung uninstall bukanny bikin legah malah nambahin emosi"
"162","really benefit for me  membantu ku ukt bisa bercerita dan mengenali diri ku sndri thnkyyou"
"163","plisla jangan lag mulu mana berat di baterai"
"164","aplikasi yang recommended untuk menjaga kesehatan mental"
"165","selama ini tidak ada masalah sama riliv karena alhamdulilah smua di lancarkan saja yang bermasalah cuman kadang waktu yang dipilih suka nggk tepat karena ada saja hal yang tak terduga dan di luar kendali"
"166","ok"
"167","sekarang riliv susah digunainnya kebanyakan loading"
"168","layanan konselornya ga cuma bisa loding doang tolong di perbaiki"
"169","aplikasi sering lemot sampai bikin tidak bisa meditasi online"
"170","the best"
"171","makasih riliv fasilitas yang free nya aja udh sangat membantu sukses terus untuk developer dan tim"
"172","lemot banget padahal sinyal full mau meditasi aja nunggu lama tolong d perbaiki lg konseling jg jadi tersendat"
"173","good thanks"
"174","nice"
"175","baru mau nyoba konselingnya semoga membantu memulihkan kedukaan saya will be edited soon"
"176","suka pokoknya"
"177","uiuxnya jelek ngapain ada button voucher dan referall di home menggangu padahal juga udah subscribe  tahun perbaiki dong ui nya biar gampang kenapa disetiap tab juga ada perpanjang paket baru juga subscribe tahunan minta diperpanjang kotor"
"178","bgs"
"179","nice app apk ini bagi sebagian orang termasuk saya lebih efektif dan efisien dibandingkan jurnaling manual kalau sedang mager menulis jurnal manual apk ini bisa jadi solusi apk ini bisa menjaga kesehatan mental tetap stabil karena di era ambiguity sekarang ini mental health sangat penting"
"180","mau coba konsul tapi pas pembayaran error terus"
"181","omg ramah sekali kaya baik"
"182","bagaimana cara hapus akun riliv"
"183","aplikasinya belum stabil tab kounseling sering bermasalah dan tidak bisa load"
"184","aplikasinya lemot bgt mw healing malah emosi"
"185","baru coba tapi udah excited bagus banget bagi para overthinker seperti aku untuk mengurai berbagai kecemasan dengan arahan untuk menulis jurnal mantapp"
"186","pembayaran saat konseling tidak bisa terima kasih"
"187","bagus berkembang dan membantu sekali meditasinya juara sih terimakasih riliv ditunggu hal hal positif lainnya"
"188","nice"
"189","aplikasinya selalu loading saat membuka seluruh fitur yang bikin saya jadi resah memakai aplikasi ini padahal jaringan wifi di tempat saya benarbenar bagus saya harap ini bisa diperbaiki segera"
"190","thats good"
"191","nice"
"192","data awal kota nggak bisa di search"
"193","bgus sih buat belajar menulis jurnal rasa syukur"
"194","umurnya dibatasi "
"195",""
"196","ga bisa login pakai fitur masuk dengan google loading terus stuck"
"197","good app"
"198","thx u"
"199","sangat membantu khususnya bisa berkonsultasi via teks karena ada masanya orangorang lebih mudah menyampaikan isi kepala via teks akan lebih baik jika bisa diakses via web pc juga khususnya untuk konsultasi karena konsultasi via video call teks lebih nyaman di pc tampilannya bisa lebih luasdan bisa mengetik dengan lebih leluasa"
"200","pertama kali konsultasi di sini dengan konselor alhamdulillah lancar dan terjawab dengan baik"
"201","saya tidak dapat membuka aplikasi ini  stuck di loading screen  proses login gagal "
"202","terimakasih riliv keberadaan app ini benar membantu untuk menjaga kesehatan mental saya sukses terus"
"203","sangat baik nih perlu dicoba buat kalian yg sedang gundah atau cm pengen curhat"
"204","aspek journaling dari aplikasi ini membantu banget buat refleksi diri"
"205","aplikasi ini sangat membantu saya mengatasi kecemasan"
"206","beberapa kali buka meditasi terganggu suara yang terputusputus saat menulis jurnal juga tibatiba hilang"
"207","great app"
"208","aplikasi bagus ada mood tracker jurnal mindfull sayangnya untuk mood tracker tidak bisa convert dalam bentuk report pdf karena bakal sangat membantu ketika konseling ke psikolog"
"209","suka bgt"
"210","jujur aja td mau aq kasih  tp yauda deh krn yg lainnya oke spt meditasinya yauda aq kasih  konselingnya sengaja gw pilih yg s katanya uda expert trnyata mba denia nya bnr feedbacknya too general kayak mahasiswa psikologi magang alhasil tuh  jam ga guna sia gw konseling juga  feedback too general utk yg gw uda pilih s ya  balasnya lama pdhl gw ketik secepat kilat lho dia sampe  menit blm balas jg jujur ini st time coba dan last time coba konseling online pake riliv"
"211","berguna sekali dibuat oleh orang yang memang berkecimpung didunianya"
"212","keren dan helpfull"
"213","cuma bisa input gender  tanggal lahir sementara negara dan kode negara tidak ada pilihan keterangan minta keyword lain jadi belum bisa akses fiturnya finally i have to uninstall it"
"214","membantu banget untuk yang punya mental health issues"
"215","sejauh ini app yg ada cukup baik"
"216","great app"
"217","iktatysm"
"218","sayang tidak ada opsi untuk menggubah ke bahasa inggris jadi saya sedikit agak susah dan canggung dan cenderung tidak ingin menggunakan  padahal bagus ada fitur journaling dan konseling "
"219","ada bug nih klo dengerin meditasi sambil buka apps lain lalu uda end sampai  menit tanpa dipercepat eh gak bisa next ke meditasi seri selanjutnya"
"220","sangat membantu"
"221","really help"
"222","bermanfaat banget aku udah merasakan kesehatan mental ku lebih baik dari fitur aplikasi ini terutama official social media nya yang selalu memberikan tips dan info serta giveaway nya "
"223","walaupun masih banyak yg bisa dioptimalkan sampai saat ini aplikasi riliv sangat membantu saya meditasi rutin menjadi menyenangkan kemudian journey dan jurnalnya juga bagus untuk journal mungkin bisa dibuat agar entry bisa dihapusdiedit untuk journey kadang saya tidak bisa tepat schedule dan harus mengulang lagi dari awal hari pertama akan sgt memudahkan bila proses bisa dilanjutkan walaupun tidak sesuai jadwal"
"224","sangat membantu saya ambil paket langganan  tahun yg meditasi sejak april saat diskon dan ternyata super wow tidak rugi sih pdhl ekspektasi awal agak rendah untuk aplikasi ini tapi ternyata kenyataannya sgt puas banyak pilihan guided meditation termasuk pilihan musik untuk tidur ini diluar jurnal paketan meditasi dgn pilihan mother tongue bahasa indonesia ternyata sangat membantu tp paling keren itu csnya responnya luar biasa cepat dan helpful banget"
"225","sangat membantu mengurangi stress sehari hari"
"226","tampilannya menarik fiturnya juga banyak psikolog sangat friendly"
"227","saya dapat belajar meditasi diri dengan mudah karena instruksi yang diberikan sangat jelas"
"228","desain nya bagus suara untuk meditasi jernih dan bikin tenang artokel jg bagus harga terjangkau"
"229","pertama kali download riliv meditasi sebelum tidurnya nyaman banget pertama kali telfon sama psikolog mba denia martini baik bangeettttt makasih yaa "
"230","menenangkan sekali"
"231","udh  hari meditasi pake ini selama itu jg gangguan cemas dan gangguan panik hampir nol sangat membantu kl ada kendala login atau apa pun cepat respon dan diperbaiki"
"232","awalawalnya sih aku suka karena membantu banget konselingnya juga oke tapi  hari terakhir ini knp journalnya eror ya tiap aku submit gak bisa pasti keulang dari awal pls look into this thanks"
"233","sangat membantu moodku jadi better sebelumnya aku sering sedih n overthinking gatau akarnya darimana semenjak aku meditasi trus journaling disini jadinya lebih baikkk recommended bgt ni app tysm buat tim yang buat app ini semoga bisa lebih baik lagi "
"234","udah coba konseling sama psikolognya senang karena waktunya mencukupi untuk bercerita dan psikolognya juga bisa memberi solusi tanpa menghakimi recommended guys untuk yang sekedar mau curhat ataupun yang memang perlu bantuan profesional untuk masalah mental "
"235","cuman sayang belum bisa konsul dengan konselor"
"236","berasa kayak punya teman curhat"
"237","belum mendapat respond padahan sudah melakukan transaksi dan psikolog online"
"238","terimakasih apl ini membantu saya dalam menyehatkan mental serta membantu saya dalam menangani rasa cemas mood emosi pola tidur"
"239","good"
"240","sudah lebih baik aplikasinya saran beri pilihan ketika melihat history juga dpt melihat quote yg didapat pada seusai meditasi selesai pada saat itu"
"241","soal pelayanan bagus tapi notifikasi untuk sesi via chat gak muncul dan untuk lihat chat terbaru harus keluar dan masuk roomnya lagi jadi sering terlewat chat dari psikolognya"
"242","baru pemula"
"243","aku suka sebenernya sama aplikasi ini meditasinya banyakkk dan fitur journal nya keren banget apalagi riliv journey nya seru bgt tapiii setiap meditasi selalu ga ketrack gitu setelah selesai dan udah kasih saran malah balik lagi ke halaman saran giliran diclose meditasi nya ga kecatet kalo udah selesai dilakuin jadinya riliv journey aku gak selesai full walaupun aku ngerjain semua task nya termasuk meditasi please diperbaikii dong huhu nanti aku edit jadi bintang kalo udah diupdate"
"244","jadwal konseling jam  ketika membuka jam  dan membuka menu konseling dianggap belum memiliki sesi konseling sehingga menjadi bingung sesi konseling tidak ditemukan dimanamana merasa sesi konseling hilang hingga jam  akhirnya muncul sesi konselingnya ketika sesi dimulai oleh psikolog tibatiba status sesi dianggap selesai dan muncul halaman review sesi muncul kembali tapi di chat terlihat sesi chat dimulai berulang kali terus menerus akhirnya psikolog chat via wa"
"245","bust pejuang mental health dan ingin tenang di sesi meditasi ini very good apps"
"246","ada bugs ketika menulis journal krn selalu stuck pada step terakhir ketika beri feedback jadinya journal tidak bisa di tambahkan baru maupun di save"
"247","sangat membantu saya dalam menghadapi kenyataan hidup terima kasih"
"248","bagus banget buat belajar meditasi"
"249","meditasi nya lengkap dan sangmat membantu keseharian"
"250","baru mau daftar aja loadingnya lama banget ujungnya proses gagal"
"251","lucky spin nya bahkan ga bs di putar "
"252","untuk sejauh ini lumayan masih baru jadi masih blm tau semua"
"253","great app"
"254","sangat membantu disaat saya butuh ketenangan"
"255","setiap lagi kalut langsung kesini latihan pernafasan meditasi nulis jurnal semuanya bikin aku lega terimakasih sudah ada membantu aku riliv"
"256","trimakasih sangat bermanfaat sekali"
"257","nice app"
"258","very helpful"
"259","great"
"260","aplikasi ini mempunyai banyak fitur fitur seperti mood tracker jurnal untuk bercerita dengan diri sendiri lagulagu meditasi yang membuat tenang aplikasi ini bermanfaat banget"
"261","sangat membantu"
"262","boljug"
"263","membantu banget semoga seterusnya kaya gini"
"264","good app "
"265","keren bet aplikasinya tapi sayangnya kalo udah ada paket dari referral ga bisa nambahin paket dari voucher"
"266","aku cukup tertarik dengan apps ini namun pada saat registrasi kotaku belum ada di list "
"267","kenapa kalo notif yang blast reminder meditasi gitu masuk tapi yang chat konseling kadang masuk kadang ga masuk kan jadi susah bikin schedulenya ka mohon dicek ya terima kasih"
"268","mba hening suaranya tenang x bisa tidur cepat dan lelap akan lebih baik kalau ada preferensi suara soalnya ada materi yang mengisi suaranya mas hening hmmkurang ngena sih kalau buat saya pribadi"
"269","padahal udah tau lama app ini tp baru download sekarang karena meditasiku udh bolong bgt dan myself needs ketenangan jadinya download ini utk ngebantu setelah di explore fiturnya bagus bgt mantap cukup memuaskan "
"270","mempengaruhi bgt terhadap gue yg sering kena panic attack"
"271","i love it mudah digunakan dan tersedia layanan konseling online banyak diskon nya pula"
"272","aplikasi ini sangat baik untuk self healing menurut pengalaman saya saya langsung berlangganan ke riliv premiumpro selama  tahun untuk keseimbangan mental saya di usia produktif utk kinerja optimal saya merasa bukan hanya kemampuan skill saja yg penting tetapi mindfulness juga memegang peranan penting hal ini sama pentingnya dengann olahraga fisik disini pikiran kita juga diajak workout thanks riliv"
"273","terima kasih aplikasinya sudah bisa dibuka lagi semoga servernya tidak sering down ya"
"274","baru install riliv tapi merasa sangat cocok "
"275","meditasi di riliv sangat bermanfaat kecemasanku jadi berkurang membantu tidur lebih nyenyak juga"
"276","semoga fitur fitur nya makin lengkap dan makin mudah untuk di gunakannya"
"277","karena aku pemula jadi menurutku aplikasi ini sangat membantu"
"278","bisa sihh luapin emosi tpi harus bayar kalau yg lainnyaaa  semoga ga usah dibayar yaaa"
"279","nice"
"280","terima kasih ya "
"281","good"
"282","good"
"283","great"
"284","best"
"285","sering seringin diskon yaa ngebantu bangett saran buat riliv mungkin tampilan aplikasi nya bisa lebih lucu ya meskipun udah lucu dibuat ada pintasan meditasi keseluruhan tanpa ada topik tertentu kynya enak oiya ditunggu sesi konseling by call nyaa"
"286","sebaiknya jgn gunakan utk konseling ya guys sy merasa diabaikan pdhl sdh nunggu  jam lebih tdk ada respon dr psikolognya drpd klian sdh membyr rb tp tdk dilayani mending tdk usah ada bnyk cara utk menyelesaikan beban klian dan sy yakin ada org di luar sana yg bs bantu klian tp mgkn bkn aplikasi ini semangat"
"287","sebetulnya tertarik mau coba konselingnya tapi kok harus centang saya tidak ada keinginan bunuh diri ya walapun saya belum pernah bener mencoba bunuh diri tapi jadi ragu deh kalo mau konseling takutnya malah judgemental atau gak cocok"
"288","aplikasi mentalhealth tersimple dan helpful banget bisa meditasi dan healing dengan fitur yang ada kita juga bisa track mood tiap hari disini mudah dipahami juga aplikasinya"
"289","ga ada menu setting ya  my dumbass ga sengaja ngesetting reminder meditasi ke calendar hp dan sekarang setiap hari di calendar saya penuh dg reminder meditasi lol gimana cara ngilanginnya "
"290","enak bgt valid no debat harus download mampusss"
"291","aplikasinya bagus saya suka tampilan bagus  mudah digunakan pop up notifnya juga unik sejauh ini banyak membantu untuk meditasinya fitur mood trackernya baguss update terbaru juga lebih bagus mungkin berharap kedepannya bisa lebih baik dan ada paket hemat nya lagi buat para pelajar yg menggunakan aplikasi ini meskipun misal nanti meditasi gak semua di open lock nya tapi lumayan kalau ada paket seperti ini thank you team"
"292","terimakasih sudah mengeluarkan aplikasi yang benar benar sangat membantu untuk diri saya menjadi lebih baik"
"293","asik banget ga paham lagu sukaaaa happyy pokonyaaa"
"294","aplikasi yg mudah untuk dioperasikan menuntun kita untuk lebih bisa mengekspresikan apa yg dirasakan"
"295","aplikasi menarik membantu pengembangan diri"
"296","sangat membantu menenangkan jiwa terima kasiih"
"297","aplikasi penuntun latihan mindfullness yg cukup komprehensif saya paling suka dgn fitur meditasinya yg memiliki banyak tipe"
"298","opsi terbaik buat kamu yg susah konsultasi secara face to face smoga layanan riliv makin keren ya"
"299","bagus suka bannget"
"300",""
"301","hello saya hubungi lewat aplikasi dan wa no respon padahal keterangannya x jam paling lama reapon dr konselor nya bisa refund aja ga ya "
"302","ngelag banget aplikasinya ga bisa play meditasinya tulisannya memuat terus kadang juga ngga stabil koneksinya ngereload terus padahal pakai aplikasi lainnya lancar"
"303","sangat bermanfaat"
"304","sangat membantu"
"305","alhamdulillah membantu banget pake kode ini ya di reward kalian hbchv"
"306","seneng bgt pas tau ada aplikasi ini  semoga bisa membantu mental healthku "
"307","tiap mau ganti halaman pasti loading lama lalu selalu error  merusak experiencenya disayangkan bgt padahal saya butuh bgt kesehatan mental"
"308","terimakasih telah membantuku melawan stress anxiety dan overthink juga membantuku untuk mendapat tidur yang berkualitas"
"309","membantu sekali dalam menenangkan diri"
"310","terima kasih sudah memfollowup keluhan saya semoga ke depannya semakin berkembang"
"311","ada banyak hal yang saya sukai dari aplikasi ini ada meditasi ada konseling dan ada journaling halhal yang membantu saya lebih mindfull"
"312","aplikasinya bagusguided meditasi nya bikin bisa tidurcuman akhir ini kok tidak bisa login ya susah banget masuk nya"
"313","woy tolong balas email  mohon dibalas segera saya ingin refund untuk konselingnya atau dipindahin ke paket meditasi yang  bulan aja"
"314","cool"
"315","helpfull"
"316","sangat membantu"
"317","sebenarnya saya suka aplikasinya tp udah x ini tibatiba aja kgk bisa jalan aplikasinya yg pertama sy uninstall terus instal lg lsg lancar hari ini kejadian lg tp udah di reinstall jg tetap aja kgk bs masuk tolong utk developer nya diperbaiki bug spt ini terimakasih"
"318","saya sangat tidak puas dengan server riliv yang terkadang bisa membuat chat yang masuk terlambat diterima pihak konselor dan klien padahal saya ingin memulai sesi konseling di jam tertentu namun karena pesan yang diterima tidak masuk akhirnya batal lagi dan lagi saya minta tolong untuk pihak riliv agar koneksi server bisa diperbaiki overall sejujurnya app ini sangat baik terutama untuk meditasinya semoga ke depannya bisa lebih ditingkatkan"
"319","aplikasinya bagus buat bantu meditasi terutama pemula "
"320","ini gimana sih notif di kalendernya gabisa dihapus ganggu banget"
"321","jadi lebih tenang menghadapi hidup yang keradd ini"
"322","sangat menolong baik dalam hal meditasi ataupun konsultasi online"
"323","thank you riliv sangat terbantu terutama dengan fitur bubble breath nya karena bisa bikin lebih rilekskembali fokus "
"324","terima kasih riliv"
"325","user friendly"
"326","sipp udah berhasil daftar n udah beli paket konsultasi juga kalo boleh saran app nya supaya bisa mode landscape dong  thanks nanti klo konsultasinya memuaskan saya kasih "
"327","menyenangkan menggunakan riliv saya kesulitan mencari psikolog di sekitar daerah saya saat ini riliv benarbenar membantu memenuhi kebutuhan psikis saya fitur meditasi dengan suara jernih instruksi jelas benarbenar memudahkan gonna update to pro real soon thanks"
"328","tolong perbaiki aplikasi ini saya adalah pengguna berbayar saya sering telah menyelesaikan sesi pertama namun di hari berikutnya tetap saja sesi kedua tidak terbuka padahal saya tidak melakukan skip dan internet masih saja berjalan"
"329","psikolog nya kurang bisa membantu dan slow respon padahal di waktu jdi lama di nunggu balesan aja "
"330","makasii buat aplikasi ini skrg aku diki dikit punya semangat buat hidupp"
"331","aplikasinya memuat terus udah itu harus beli paket premium lagi buat dengerin meditasinya pdhl kmrn dh bayar subscription"
"332","best"
"333","usefull app for meditations"
"334","tempat konsultasi terepic yg pernah ada kalo ada yg punya masalah dan ga dapet tempat terbaik untuk menyampaikan keluh dan kesah bisa pake app ini nggak usah susah janjian sama psikolog disini bisa cuma butuh kuota sama hp aja praktis bisa dimana aja tinggal tap aja"
"335","nyaman banget buat meditasi bareng riliv semoga efeknya akan terus meningkat"
"336","tolong bantuannya saya tidak bisa masuk riliv"
"337","bagus banget baru coba bagian meditasinya enak banget panduannya"
"338","sangat buruk kl saya bilang saya dapat seorang psikolog yg kurang kompeten anehnya saya tidak dapat solusi terbaik yg ada malah psikolog mengikuti arus saya dan lucunya malah terserah itu jawabannya chat dengan psikolog di riliv bagai membuka aib diri sendiri tanpa ada solusinya bagi saya gak lebih seperti curhat sama temen sendiri tolong untuk psikolog lebih diperhatikan lagi untuk rekrut org bukan yg kacangan kl hanya seperti itu jawabannya saya juga bisa jd psikolog"
"339","aplikasi ini sangat membantu pengidap anxiety disorder dan bipolar seperti saya untuk lebih mengendalikan pikiran  dan lebih tenangdirumah"
"340","aplikasi riliv ngebantu banget apalagi saat pandemi dan butuh konseling serta meditasi baru coba sesi meditasi hasilnya bisa jadi agak tenang suka juga sama design dan warna aplikasinya"
"341","app nya oke masalahnya kyknya psikolognya hrs dipilih lg yg bs pke kata yg bs lbh baik krn gaada layanan call jga jujur yg kmrn kadang malah ngerasa ga dingertiin dan seolah menyalahkan diri jujur perasaan w ga membaik cuma w yg sll berusaha menerima walau makin stress"
"342","kadang pas lg meditasi suka keluar sendiri aplikasinya terus berenti meditasi jadinya"
"343","one stop application untuk semua hal yang berhubungan dengan mental health"
"344","menenangkan dan merasa lebih bisa berdamai dengan apa yang terjadi tanpa menghakimi diri terima kasih"
"345","fitur meditasi sangat membantu semoga bisa ditambah seri dan topiknya terima kasih dan sukses slalu riliv "
"346","selalu ngerasa tenang kalo abis meditasi setelah sebelumnya banyak kecemasan dan banyak pikiran lain yang bikin perasaan gak nyaman"
"347","very helpful"
"348","sesi konseling baru berjalan menit dan masih di tengahtengah pembahasan namun tibatiba sesi sudah selesai"
"349","sangat bermanfaat "
"350","goood app"
"351","good"
"352","aplikasi riliv telah banyak membantu saya namun saya berharap ada pembaruan aplikasi yang menyediakan fitur mode gelap ini akan membantu mengurangi ketegangan mata terima kasih "
"353","udah bagus banget kontennya tp masih berharap ada opsi download biar bisa meditasi tidur especially buat dengerin cerita lelap tanpa ninggalin internet hp nyala di samping bantal karna biasanya tidur dalam keadaan hpnya disetting airplane mode yg katanya memang seharusnya begitu"
"354","cukup membantu di konseling awal dgn masalah yg tidak terlalu berat utk aplikasi sudah user friendly saat pembelian paket koseling dan pengaturan jadwal konseling jg ga ada masalah berarti cukup gampang digunakan"
"355","saya tidak bisa mendaftar  setiap coba mendaftar baik lewat google atau email selalu loading lama terus kembali lagi padahal saya mau coba edit udah bisa daftar sekarang responnya cepet terima kasih "
"356","bagus banget apalagi pas masamasa dimana ga bisa keluar rumah tapi butuh bantuan profesional thank you for helping me "
"357","solusi mengatasi masalah psikologis di masa pandemic ini"
"358","terima kasih banyak sangat membantu"
"359","terima kasih riliv sangat membantu"
"360","sangat membantu fiturnya banyak namun minimalis sehingga praktis dan mudah diakses psikolognya handal pertahankan"
"361","aplikasinya sangat membantu suaranya jernih vokalnya lembut tampilan aplikasi juga menarik dan banyak fiturnya"
"362","psikolognya baik recommended dah"
"363","subscribe relaksasi meditasi nya sangat worth it  layanan konsultasi online nya juga sangat membantu aplikasi yg sangat bermanfaat terimakasih "
"364","good membantu sekali"
"365","semenjak aku pakai aplikasi ini rasanya kecemasanku berkurang dan aku lebih dapat mengontrol pikiranku terima kasih"
"366","barusan download tapi kenapa selalu tidak ada koneksi internet padahal sudah tersambung"
"367","bagus untuk meditasinya suaranya jernih dan mudah untuk diikuti oleh pemula seperti saya semoga saya bisa lebih tenang tenang dan tenang lagi terimakasih"
"368"," aja ya jaringannya tolong diperbaiki yaa  bisa kirim suara atau gambar dong kedepannya sukses terus"
"369","saya sudah share kode refferal ke teman dan sudah dipakai sama teman saya tapi tulisannya kode referral kamu belum pernah terpakai aneh"
"370","aplikasi yg sangat bermanfaat"
"371","ga bisa masuk ga bisa daftar i suruh cek koneksi internet padahal internet lancar udah coba reinstall tetep aja kek gini"
"372","really good"
"373","nice app"
"374","perfect application"
"375","riliv saya mau tanya kenapa waktu pengisian no hp aplikasinya selalu keluar sendiri ya ke  kalinya saya coba begitu terus"
"376","lembut  menenangkan"
"377","it helps"
"378","i like it"
"379","ntap"
"380","saya sudah coba dan ini hari ketujuh satu hari ambil sesi latihan  menit semua coba saya record tapi kenapa bagian streak harian nya cuma tertulis  ya bagian sesi nya tertulis  sesi selesai kenapa data tidak sinkron ya terima kasih"
"381","aplikasinya cukup bagussaran player bisa didownloadjadi bisa diputar kapan saja kalau bisa pelatih meditasinya juga ikut melakukan meditasi jadi lebih terasa ada teman untuk meditasi buat yang belum install bisa pakai kode referall initnuxub untuk akses free trial seminggu ya thx"
"382","jasa konselor riliv yang katanya adalah psikolog tidak berbeda dengan auto bot apps yang me reply berdasarkan pertanyaan yang ada standar default nya dari satu sesi ke sesi yang lain pendalaman masalah jadi tidak berkesinambungan lebih hebat lagi adalah setiap isu dari x sesi perkenalanan dianggap bisa diselesaikan dlm sekejap ketika diberikan feedback agar bisa dicari cara komunikasi yg lebih efektif saya si pasien dianggap tidak kooperatif sangat mengecewakana"
"383","mudah digunakan dan sgt bermanfaat utk prang yg memang mwmbutuhkannya pilihan menu lengkap dan interface nya sgt intuitif terima kasuh riliv app ini sgt bermanfaat utl saya dan saya harap jg bermanfaat utk orang banyak lainnya"
"384","app beberapa kali crash saat sesi konseling pertama tapi saya apresiasi admin karena admin sangat responsif keep up the good work saya kasih bintang  jika bug diperbaiki"
"385","audionya kok terpotong ya yg seharusnya bilang mari jadi ri kita jadi ta sama suka stuck di tengah padahal internet stabil"
"386","kadang waktu meditasi berjalan audionya stop sendiri "
"387","kak ini no telp di ln ga bisa dimasukin musti di indo"
"388","sangat bermanfaat"
"389","ok"
"390",""
"391","cool"
"392","love banget sama app ini aku yg pecicilan yang kayak nggak pernah kehabisan energi belakangan ngerasa babak belur dan drained emotionally karena pressure kerja setelah kenalan dan meditasi bersama riliv aku bisa ngerasa lebih mencintai diri dan fokus thank you "
"393","coba paket perkenalan pengen tau gmn rasanya cerita sama psikolog tetapi hmmm jawabannya oke objektif tp saya sakit hati ketika psikolog tersebut ngmg sy rasa bs kamu simpulkan sendiri itu tuh kayak apa ya saya kan bingung cari jawaban eh malah digituin oke beberapa nasihat dia ada yg saya jalanin cuma saya masih gak lega dan makin ngerasa worst karena ya begitu judgement nya keras sekali terhadap apa yg sy ceritakan"
"394","ini sdh bagus kok kalau mau meditasi ini kode referal nya gilv"
"395","sudah beli  paket  respon sangat buruk"
"396","halo min jika saya pengguna memakai no malaysia  gimana saya gk boleh daftar trimakasih"
"397","nice"
"398","good"
"399","kenapa saat di tengah sesi sering terhenti sendiri padahal koneksi internet tetap bagus dan tidak ada hambatan untuk aplikasi lainnya"
"400","sangat membantu"
"401","manteeeppp"
"402","mostly sih udh ok kalo dr kontennya cuma sayangnya sering bgt tbtb keputusberhenti di tengah pdhl koneksi kenceng msh ada bbrp fitur lain jg yg perlu diimprove terutama soal meditasi yg sering tbtb keputus di tengah ini"
"403","saya sejujurnya belum merasa benar terbantu karena selalu terputus ketika mau meditasi di menit awal wifipaket data jd belom bisa kasih rating sarannya segera buat fitur download offline jadi kalo sewaktu entah dari internet  apps nya error ttp ada offline nya jadi org ga buang waktu ngulang terus dari awal untuk kendala knp saya berulang mau coba meditasi tp ga bisa tlg dibantu responnya ya min saya mau coba as fast as possible "
"404","keren banget fiturnya benerbener beanfaat dan gak ribet"
"405","bagian meditasinya best"
"406","audio tutorial meditasinya meditasi dasar  yg seharusnya  menit cuma bisa sampe  menit premiumnya berbayarnya sangat tidak terjangkau"
"407","keren"
"408","menenangkan"
"409","mencoba layanan psikolognya beberapa kali dan psikolognya sejauh ini yang saya temui semuanya tidak judgemental saya juga menggunakan track meditasinya untuk berkonsentrasi seharihari"
"410","ngga perlu kata lagi bagus bgt memberikan saran tanpa menghakimi good job riliv semoga orang di indonesia sadar tentang mental health"
"411","suatu teknologi dan meditasi yang membantu semua orang dapat menerapkannya dimanapun great sukses selalu"
"412","aplikasi yang membantu untuk saya yg baru belajar meditasi dan ingin mengurangi stress cuma saat mendengarkan hening tiba audio mendadak berhenti d tengah sesi bikin konsentrasi agak terganggu entah internetnya yg bermasalah apa bagaimana saya juga tdk tau semoga d fix yaa masalah ini tapi overall appnya bagus dan sangat membantu "
"413","menarik sekali membantu menenangkan diri good job"
"414","sangat membantu saya dalam melatih focus"
"415","lebih fokus setelah ikut programnya"
"416","suka banget sama sesi meditasinya"
"417","bagus banget tapi sayang berbayar"
"418","sesi meditasi yg sudah dilakukan ga tercatat"
"419","pake marshmallow aplikasi selalu keluar sendiri"
"420","sangat membantu konseling dan meditasinya berharap aplikasi nya dapat upgrade lagi karena sedikit lambat pada saat konseling"
"421","sangat membantu recom bgt"
"422","simple mudah dimengerti"
"423","meditasinya sangat menenangkan maju terus riliv"
"424","saran saya untuk coba halodoc aja deh ada clinical psychologist dan juga psychiatrist kalo perlu free"
"425","good aps"
"426","suka banget"
"427","good"
"428","good"
"429","good"
"430","bagus banget tapi sayang notificationnya ga kedengeran dan remindernya hanya by email jadi sering lupa trus harus reschedule mulu sama expertnya"
"431","membantu sekali"
"432","sangat membantu"
"433","halo saya pernah pakai riliv  tahun yang lalu dan pernah sempat ada fitur curhat yang bisa ditanggapi oleh pengguna lain apakah ini riliv yang saya maksud dan memang sudah mengalami banyak perubahan"
"434","seneng banget pake riliv fitur meditasi heningnya sangat membantu namun aplikasinya terkadang susah buat dislide ke samping pas bagian cari meditasi malah balik lagi ke awal overall masih tetap suka kok pake riliv semoga aplikasinya semakin bagus terimakasih riliv "
"435","terbaik"
"436","semalam install dan beli paket konseling  kali buat coba dg chat dan jawab pertanyaan dasar belum juga dibalas oleh psikolognya sampe pagi udah putus dan hilang seolah sesi udah selesai rugi banget saya mau minta uang saya kembali atau sesi sampai selesai tolong hub saya di email atau no hp yg saya berikan ketika daftar"
"437","ku kira gratis ternyata bayar ya hehe"
"438","meditasinya sangat membantu panduannya sangat mudah dipahami sukses terus riliv salam psikologi"
"439","ini adalag aplikasi yang saya cari selama ini saya sangat butuh aplikasi ini"
"440","aplikasi yang bermanfaat"
"441","sangat membantu terimakasih"
"442","good"
"443","aplikasinya cukup bagus tapi ada rasa kadang sulit kalau ditulis ya lama lebih enak klo dengan suara feedback lebih cepat sampai sukses terus riliv "
"444","terima kasih"
"445","thx"
"446","sedang mengalami depresi dan semoga berhasil dengan app ini kasih bintang  dulu nanti ditambahin kalo berhasil dan satu lagi kenapa metode pembayaranya hanya via transfer harusnya ditambah lagi dg metode lain seperti credit card supaya lebih mudah terima kasih"
"447","fitur notifikasi itu penting banget tapi gak ada di sini ambil paket perkenalan janjian sama konselornya udah chat di waktunya eh sejam kemudian dihubungin ada kendala di jalan kata konselornya kan bingung yak janjian lagi miss lagi gitu sampe paket angus katanya mau diperpanjang paketnya tapi nyatanya tetep angus paketnya ill rather looking for face  face counseling saya sedang mencoba untuk meminta refund atas hal ini"
"448","udah beli paket perkenalan sempet dischedule pertama tp missed reschedule tp tenaga ahli yg ga available mau reschedule tiba hilang paket konsultasinya riwayat konseling yg berlangsung kosong yg selesaipun kosong ga ada menu help juga jd yaudah anggep ilang aja untung cm paket perkenalan"
"449","akan lebih baik kalau bisa munculkan pop ups notification jika ada chat"
"450","awalnya ngira bahasa atau materinya bakal kaku ternyata pembahaannya nyantai dan mudah dimengerti good apps"
"451","keren banget inovatif banget akhirnya bisa konseling via online apalagi bisa meditasi di dalamnya"
"452","mantaapppp makin lega setelah pake riliv masalah banyak yg selese dan bisa berfikir lebih positif kedepan"
"453","mantap sih tadi baru aja coba meditasinya  menit  sesi dan ternyata bikin badan jadi relaks dan mantap"
"454","saat meditasi sebaiknya diberi backsound yang menenangkan sehingga ketika pembicara berbicara lagi tidak terlalu kaget dan tetap bisa fokus"
"455","aplikasinya bagus dan sangat membantu bagi orang yang belum pernah meditasi atau konsultasi sama sekali hanya pada saat meditasi kadang ada bagian yang membuat saya kaget"
"456","ini saya baru coba berlangganan yg x saya sdh chat tp kok skrg ga bisa di cek lg chat nya padahal belum ada balasan apa tulisannya anda belum berlangganan padahal saya sdh bayar"
"457","saya akhirnya memutuskan berlangganan tapi ada yang ingin ditanyakan saya rasa alasan saya bergabung karena begitu ingin memulai sesi segera tapi bagaimana jika respon dari psikolog datang sangat lama saya tertarik mencobanya karena review mengatakan respon datang sangat cepat namun saya mendapatkan yang sebaliknya bisa tolong bantu saya untuk segera memulai sesi terima kasih"
"458","cukup membantu sihh aplikasi riliv ya saya coba yang teks paket perkenalan cuma sayangnya ternyata chat historynya ngga ada ya jadi setelah  sesi closed saya ga bisa cek lagi isi konsultasinya apa tau gitu saya capture chat saya dengan psikolognya tadi saya cuma inget beberapa poin aja sisanya ada yang panjangg banget psikolognya kasi saya udah lupa"
"459","update  gue masih memberi bintang  karena setelah konseling via line gue makin nyesel sudah membayar psikolog tidak membantu memberi solusi yang everybody knows it dan nggak melihat background pasien yang pasti punya akar permasalahan yang berbeda justru psikolog terkesan menyalahkan pasien gue gatau apa semua psikolog seperti itu atau bahkan apakah yang membalas konseling bener bener psikolog "
"460","aplikasi ini sagat bagus untuk mengurangi orang yang melakukan self harm"
"461","saya ingin memberikan rate positif karena misi yang dibawa dan share yang aktif dilakukan di media sosial namun saat saya butuh dan sudah membayar sesi konseling psikolog tidak pernah hadir email cs sangat slow respon dm ig juga slow respon banget jadi dengan keadaan ini saya ingin refund dan tidak memberi bintang  mohon kualitas layanannya diperbaiki tidak ada guna aktif di media sosial menjadi berita dimanamana jika saat yang dibutuhkan malah tidak memberikan manfaat apapun"
"462","aplikasi ini sangat membantu juga mudah digunakan"
"463","belum ada trial conseling sudah harus bayar"
"464","sudah bayar sudah chat tapi tidak ada balasan sedih"
"465","ide yang sangat baik memberikan kesempatan untuk bisa berkonsultasi dg psikolog pelayanan pun baik namun secara aplikasi masih terdapag banyak kekurangan misalkan fitur chat yang sering error sudah mengetik panjang namun tidak terkirim saat memencet di notifikasi tidak langsung tersambung dengan aplikasi alangkah baiknya jika riwayat konseling sebelumnya dapat dibuka karena biasanya org akan mudah lupa jika hanya dengan via percakapan chat saja tidak tatap muka semoga lebih baik lagi"
"466","sangat membantu dan psikolognya sangat baik"
"467","wah bagus banget dlu saya bocah halu skrng setelah konsultasi saya menjadi bocah yang rasional dan amanah"
"468","terima kasih riliv sudah menjadi teman curhat sayaaa"
"469","proses login gagal saya gk bisa login"
"470","aplikasinya bagus banget dan bener bener ngebantu"
"471","konsep layanannya patut didukung memang kita butuh layanan kaya gini bwt kesehatan psikis kita semoga makin sukses"
"472","membantu mengurangi stress"
"473",""
"474","excellent app "
"475","unsatisfied service"
"476","applikasinya sangat membantu "
"477","enak banget buat kerjasama"
"478","wow bagus sekali"
"479","great apps"
"480","good app"
"481","aplikasinya bagus gampang digunakan kekurangannya chatnya gak semuanya disimpan hilang otomatis sebagian gak ada notifikasi dari psikolognya padahal notifikasi perlu loh biar gak lupa saat ada sesi terus biar tau psikolognya balas"
"482","saya sudah bayar paket tapi tidak ada balasan ketika saya buka lagi ad balasan tapi tidak ad notifikasi kalau ad yg menghubungi bagaimana kalo melalui wa atau line saja krn aplikasinya ga ada notifikasi ya"
"483","saya sudah bayar untuk satu sesi tapi sampai sekarang belum ada balasan dari psikolognya padahal saya sangat perlu untuk konsultasi kalau tidak bisa menanggapi x jam mohon bantuannya agar bisa di refund"
"484","tim riliv sangat tanggap dalam mengatasi masalah atau keluhan pelanggan terima kasih sedikit con saya perlu menunggu waktu lebih dari satu hari untuk mendapatkan pesan awal setelah mengaktifkan paket konseling"
"485","pertama saya mau berterima kasih karena sudah membuat aplikasi seperti riliv sangat membantu hanya sayangnya masih banyak bug yg perlu diperbaiki juga tambahan saran untuk tim development beberapa bug ada saya temukan tapi terlalu panjang untuk dijelaskan disini akan saya kirimkan lewat email saja thank you"
"486","beli paket yg perkenalan sudah chat sama psikolog trus nentuin hari sabtu  jam  konseling sy pas jam  lngsung chat dgn psikolog tpi tdk ada balasan ternyata psikolog bales tpi tdk masuk ke dalam chat sy tentuin waktu lgi dan lgi sy chat tdk masuk ke chat psikolog  sebaliknya dalam proses konseling sangat tidak efektif karna tdk diketahui klo chat sudah terkirim atau blm  sedang typing atau chat sudah dibaca feature chat masih sangat kurang karna komunikasi sngt lambat"
"487","saya coba paket konseling yg  sesi sudah ada konfirmasi pembayaran tp dicoba pesannya belum beli paket sudah email jg ke customer service tp belum ada balasan update  saya masih blm terima email apa dr cs riliv ya dear  update  tetap tidak bs dan tidak ada email saya sdh gak berminat lg jd buat masukan perbaikan aja buat tim riliv agar servisnya lebih konsisten thanks"
"488","sudah ambil paket yg k td sore tp saat ini mau masuk app ny saja tidak bisa kecewa "
"489","sesi chat dengan psikolog sering hilang dari riwayat sesi sehingga tidak bisa diakses sedangkan perhitungan waktu sesi tetap berjalan"
"490","gak bisa daftar"
"491","suka dgn servicenya tp tdk appnya msh byk yg hrs di improve saran sy juga supaya konseling yg sudah dilakukan bs di save history chatnya jd sewaktu bs dibaca lg krn tkdg ada yg missed blm paham dan terbatasnya wktu"
"492","tidak bisa daftar tulisannya null"
"493","awesome"
"494","kak udh hampir  jam setelah mengisi kuesioner dr psikolog dan membayar biaya juga kenapa belum di reach out juga"
"495","lebih ditingkatkan untuk masalah jenis pembayaran selain kredit dan gopay mungkin pulsa karena saya ingin membeli paket meditasi "
"496","saya kasih bintang lima kalo ada malah  baru kali ini saya komplain aplikasi ke cs terus langsung di chat pribadi melalui wa sama teknisinya "
"497","di versi baru ini kenapa riwayat konseling ga ada rieayat sesi sebelumnya jadi ga bisa ngecek kemaren udah sempet ngobrolin apa aja  also jenis paket langganan saya di bagian profile masih nunjukin jumlah sesi sebagai  padahal waktu itu saya daftar yg  sesi di riwayat konseling juga cuma sampe sesi "
"498","really helpfull meskipun masih banyak hal yg harus dikembangin lagi terutama dari pelayanannya but overall aplikasi ini layak dapat apresiasi visinya mulia untuk kepentingan mental healthness orang banyak"
"499","tidak bisa register null"
"500","sangat membantu buat orang yg belum pernah meditasi seperti saya"
"501","tidak bisa mendaftar"
"502","awesome"
"503","percuma konsep bagus kalo psikolog hanya available untuk orang yang tidak selfhrm menurut saya yang namanya psikolog itu ya memberi konseling kepada siapapun yang mengalami mental illness selepas orang tsb slfhrm atau tidak kecewa saya"
"504","tanya min klo semisal konseling masalah anxiety yg udah menahun apa bisa min udah sempet cari psikolog tetapi berhubung saya tinggal di daerah dan kebanyakan org masih awam lebih tepatnya gangguan cemas susah tidur udah sempet baca jg di inet apa bisa min dan jikalau kejadian terburuk butuh resep obat dr dokter bisa min"
"505","terimakasih riliv sangat membantu aku untuk konseling sukses ya kedepannya"
"506","aplikasi tergolong bagus cuma kurang banyak opsi untuk pembayaran"
"507","kenapa gagal terus buat sign innya"
"508","pas jadwal nya konsul kok malah ga bisa di buka aplikasinya"
"509","gimana cara pilih paket konseling telepon di appsnya"
"510","gabisa pake bpjs"
"511","pelanggan dari awal aplikasi riliv dulu sampe skrg so far makin diperbaharui sih aplikasinya ud bagus banget kalo bisa psikolog yg available lebih banyak karna kadang butuh hari ini juga untuk jadwal session"
"512","saya pengguna riliv baru baca review lain byk yg ngeluh tp sy pribadi jujur puas sekali krn mau mencari jasa psikolog kdg sulit dan bingung hrus cari dimana blm lgi kalau org skitar kurang mendukung atau jadwal yg tdk memungkinkan untk bikin janji temu secara tatap muka chat nya via line psikologny ramah dan sabar sy sgt terbantu dgn adanya riliv harganya juga masih sangat terjangkau semoga bs terus maju dan sukses ya riliv dan seluruh tim nya "
"513","mau curhat kok bayar overall bagus tinggal ditambah fitur tambahan lainnya seperti tips tips dll"
"514","lebih suka riliv yang dulu dimana setiap orang bisa saling membantu dan mendengarkan keluhan secara anonim melalui komunitas fitur komunitas sangat membantu banyak orang termasuk saya tapi sayang sekarang hanya bisa konsultasi dengan psikolog its not a bad thing malah sangat bagus karena bisa langsung kontak dengan psikolog yang ada tapi maaf gak semua orang mampu dan berpikiran harus mengeluarkan biaya untuk konsultasi seperti ini"
"515","aplikasi selalu crash saat dibuka moga bisa cepat diperbaiki"
"516"," buat riliv saya bingung kenapa ada yg kasih  haha layanan dari psikolog nya memuaskan banget seandainya bisa service ff dengan psikolog melalui riliv saya yang pertama akan subscribe hehe riliv tlg fix kalau chat ada delay dengan apa yg diketik di keyboard dan dengan tampilan di layar chat dengan psikolog juga ngga bisa saya copaste ke clipboard samsung sebetulnya untuk saya archive sewaktu bisa dibaca ulang"
"517","konfirmsi pembayaranya lama juga ya sama jujur psikiater pro nya sepertinya kurang saya belom puas dengab hasilnya  yaudah deh"
"518","worth banget sih psikolognya ramah bgt when nobody wants to hear me kakak psikologinya bener mau dengerin aku ngeluh sampe aku agak mendingan  jadi tau apa yang harus di lakuin makasih kak udah jadi temen curhat"
"519","payah sekarang aplikasinya tidak seperti harus berbayar payah sekali"
"520","musti harus ke line gk bisa log biar konsul gratis gk kyk dulu"
"521","sudah tulis panjang kyx tulis cerpen balesannya pendek  jd ini aplikasi  ada buat apa ya"
"522","tolong perbaiki servernya sering error terus menjadikan orang yang baru mendownload dan mempunyai masalah berat dapat depresi"
"523","konsepnya sebenernya bagus tapi entah karna maintenance atau apa  aplikasinya kaya niat ga niat chat di line nya juga slow response bgt"
"524","sudah  hari tidak bisa dibuka server bermasalahan tolong segera diperbaiki trims"
"525","thankshope will help me"
"526","ngga bisa di buka app nya uninstall deh"
"527","app bagus bisa merubah baper jadi super"
"528","so far so good"
"529","mungkin intensi membuat app ini bagus tapi pada kenyataannya app ini sama sekali ngak bisa digunakan uninstalled"
"530","ok sih lebih bagus kalo pada awalnya memang harus bayar misalkan bulanan karena psikolog kan lumayan ya bayarnya"
"531","baru download tapi tulisannya server maintenance kenapa ya apa emang lagi diperbaiki"
"532","agak lambat responnya tp makasih sudah direspon saya rate  kalo misalnya stelah konsul dngn expert rilivernya mmuaskan thanks"
"533","helpfull"
"534","helpfull"
"535","bagus but mostly cewek ya ayo dong yg cowok haha banyak nih cewek yg ask masalah baper help them  curhat dan bantu orang dg masalah mereka secara anonymously"
"536","thanksyou"
"537","app nya bagus buat curhat gitu seperti namanya bisa buat relieve usernya tpi akhir ini app nya gk bisa dibuka katanya ada maintenance gitu tpi kok lama amat ya tolong segera diperbaiki"
"538","diinstalldiopen langsung crash "
"539","aplikasi bagus dan membantu sekali untuk curhat ketika khawatir curhat dg orang didunia nyata dan takut aib akan tersebar disini saya juga mendapatkan beberapa teman baru saran saya untuk rate bintang di respons lebih baik bisa diedit karena saya pernah salah memberi rate bintang  saya kira dia hanya support tanpa solusi ternyata dia sedang mengetik solusi panjang sekali dan sangat membantu tetapi sudah terlanjur rate  dan tidak bisa diedit semoga riliv makin ramai dan makin baik lagi"
"540","good app tapi pemberitahuan udah ada yg ngesupport kadang nggak muncul semoga ditingkatkan lagi ya"
"541","kalau untuk sekedar curhat anonim gratis masih berfungsi tapi jangan beli ruby atau chat berbayarnya csnya di line ataupun instagram sudah tidak aktif jadi nanti uang yang ditransfer malah entah kemana makin stress "
"542","ini kenapa mau buka riliv story tapi nggak bisa semua ya not found trus"
"543","bagusterjaminrecommended"
"544","baka "
"545","good"
"546","udah transfer udh kirim bukti transfer tapi ruby nya ga bertambah admin minta bukti transfer ama email ga ada perubahan tau butuh curhat udah bayar malah ditipu"
"547","i hope it is can help me"
"548","ide yg bagus bgt bikin aplikasi kyk gni tingkatkan aja ya dan perbanyak promisi"
"549","good"
"550","ya ampunnn awal aku udah seneng ada aplikasi kaya gini download lah udah ada ide curhat panjang lebar sama expert ya ampun ternyta bayar ya ampun kak aku tu mau keluh kesah lagi susah uang aja gak punya suruh bayar pake ruby yaudah deh memang gak ada yg paling pengertian kecuali allah swt"
"551","review lama nyobain tapi dapet psikolog yg kurang empatik   update ada ide nih gmn klo ada fitur questionnaire gitu biar bisa dipke psikolog buat ngumpulin data survey g harus multiple choices ato likert scale bisa juga open question buat data kualitatif ntar klo data responden banyak mgkn bisa diagregasi buat masukan semacam casebased reasoning system spt diagnosis symptoms belief systems behavior evidence trus bisa canggih gitu kan buat bantuin psikolog ngasih rekomendasi respon ato ntar bisa jadi advanced ai chatbot yg bisa jadi psikolog untuk psikolog "
"552","apps sudah bagus tapi ada bug setiap hp di posisi horizontal apps selalu crash"
"553","gilak ni app bikin gua lost faith in humanity reliever yang gratisan galak  coba deh langsung premium aja drpd sakit hati doang dapet respon dari reliever gretongan"
"554","mari bergabung menyenangkan bagi saya dapat membantu banyak orang dengan mendengar permasalahan mereka dan membantu mereka untuk bangkit good apps jika diijinkan saya ingin menjadi konselor resmi juga di sini "
"555","sumpah ini app paling the best pokoonya gue yang awalnya putus asa pd akhirnya bisa menemukan jalan hidup gue lg walaupun cuman sedikit yang pasti gue berhasil nemu cahaya lg makasi riliv"
"556","perbanyak promosi  sayang aplikasi bagus tapi yg tau sedikit dan penggunanya sedikit juga"
"557","keren sih andai bisa totally anonymous kita login pake email device id ya walaupun data nya aman di sistem who knows kadang orang lebih suka curhat kalo totally anonymous keep it up bang audrey"
"558","bener memberikan support dan membantu kita dalam menyelasikan berbagai macam masalah"
"559","changed the rate batal suka janjinya riliv beda sama prakteknya katanya kalau post free di komunitas akan ada mahasiswa psikologi yang akan bantu ternyata nggak ada ya cuma sesama yang lagi punya masalah aja yg saling dukung mimin di line juga kurang responsif saya x menggunakan layanan berbayar psikolognya seperti emotionlessrobotik menanggapinya tolong ditingkatkan lagi baru saya kembalikan bintang nya"
"560","bagus jd punya temen untuk bertanya update trus ya app nya support"
"561","banyak orang yang membantu di app ini bisa curhat"
"562","menambah energi positif dengan memberi saran kepada org laij"
"563","terimakasih sudah mau membantu"
"564","need somebody to hear out your feelings then this is the right application"
"565","bagus  sering sering banyak yang on"
"566","saya tertarik untuk menjadi beta tester anda"
"567","cukup membantu respon komunitasnya cepet"
"568","aplikasi dewa gw dari suntuk sampe ketawa dari berbagai stres jadi berbagi tawa thanks"
"569","it is very helpful im glad i found this app "
"570","berasa jd psikolog dadakan"
"571","cocok buat orang yang gatau mau curhat ke siapa semoga makin baik dan dilengkapi dengan fitur lainnya"
"572","tempat yang baik dan aman untuk mengutarakan halhal yang tidak bisa diutarakan didepan orang lain"
"573","aplikasi yang sangat bagus karena membantu orang menyalurkan perasaan secara anonim dan membuka teman untuk memberi support"
"574","wah ini keren banget aplikasinya bisa curhat sekaligus minta saran tanpa harus dikenal sama orang"
"575","says ga bisa post di aplikasimu"
"576","kurang responsif dan bagaimana cara kita mendaftar untuk menjadi expert reliever"
"577","tolong knapa pas mau sign up ada tulisan secure maintanance"
"578","good app"
"579","jelek  kali install masih sama mau sign up malah eror keluar terus aplikasinyapdhl mau curhat perbaiki dong"
"580","serubisa sharing sama temen tp rubynya belinya gmn harus banget bayar ya"
"581","good i think"
"582","aplikasi ini cukup baik"
"583","help full"
"584","excellent"
"585","best"
"586","good"
"587","i cant sign up there is only one option as i open the app login its my first time using this app help"
"588","seriously no google billing option gimana yang pengen beli ruby nya pake pulsa pliss nanti tambahin fiturnya donk "
"589","kalian yang punya segudang masalah dari pada pendem jadi gondok lebih baik konsul jadi ademm ini bukan promosi tapi ini terbukti xixi"
"590","bagus sih jadi lu ga perlu galau lagi dengan masalah lu lumayan nenangin hati dan bikin semangat lagi cuman sayangnya kalau mau minta ditanggepin expert mesti bayar"
"591","gimana nih udh transfer sesuai prosedur tp ruby tdk bertambah sy ingin chat with expert sdh komplain via email line ig tdk ada yg di respon"
"592","the right place"
"593","aplikasinya keren banget  berkat aplikasi ini bisa sedikit tenang dan bikin tidur sedikit tenang  ko tidur si  iya karna gara gara masalah yang gatau mau cerita kesiapa jadi kepikiran terus dan akhirnya aplikasi ini membantu banget makasih sahabat riliv"
"594","kenapa muncul kotak dialog yg menyatakan saya tidak punya cukup ruby utk mnggunakan layanan expert reliever meski ruby saya sdh berjumlah  namun ketika saya tekan tombol send pesannya tetap terkirim pengalaman itu membuat saya kehilangan ruby tanpa saya kehendaki"
"595","kadang leaderboardnya jadi aneh padahal awalnya exp saya sudah banyak kenapa jadi di awal lagi kadang kalau mau support orang tidak ada messagenya terus curhatan di community nya ilang gitu aja"
"596","lumayan"
"597","nah"
"598","aplikasi ini bagus dan dibutuhkan oleh banyak orang sangat membantu kalau fitur chat dengan expert psikolognya digratiskan kalau gratis terus jadi ada iklannya ngga masalah buat saya misalnya seperti aplikasi alodokter gitu thanks"
"599","suka banget   walaupun aku mahasiswa matematika tapi aku juga suka membantu mengatasi permasalahan orang  dan disini ada wadahnya yah  walaupun  bukan jadi riliver sihhh tp gpp apalagi didukung matematika yang hampir mirip dengan psikologi terimakasih riliv udah membuat wadah yang keren untuk orang orang sepertiku   "
"600","ini bisa membantu tapi sayangnya jawabannya bukan dari psikokog yg ahli atau bahkan bukan psikolog dan jawabanmasukannasehatnya pun ya jawaban yg udah oernah saya dengar jadi ya kaya ga ada ngaruhnya alias cuma replay pertanyaan n jawaban yg pernah terjadis sebelumnya"
"601","aplikasi riliv memang sangat membantu namun adakalanya saat saya buka aplikasi loadingnya lama karena masalah koneksi disisi lain web riliv juga sering error ketika diakses sehingga saya cukup kesulitan untuk membalas sesi curhat"
"602","thank u riliv my problem solved and i met my husband with this app thank you so much riliv such a gergeous helper for ur miserable life worth to try"
"603","cool apps  "
"604","pihaj developer tolong menyertakan tombol semacam curhat selesai atau sesi selesai supaya kita bsa mudah mendapat rate dri orang yang berkeluh kesah ke kita karena selama ini user akan scroll ke atas untuk memberikan feedback ke kita kita perlu tahu berapa kualitasnya nasihat yg kita kasih ke user lain if you fix this ill rate  star i love helping people so please do me a favour okay"
"605","thanks for admin here has been widely listened to my vent"
"606","baru kali ini saya memberi rate aplikasi saya akui aplikasi ini sangat bagus terima kasih"
"607","maen riliv serasa jadi psikolog dadakan seru aja denger curhatan orang lain ngasih saran dan berbagi pengalaman dng masalah yang sama thanks"
"608","daripada medsos gak jelas lebih mending main ini"
"609","its really relieved me"
"610","simple dan bagus"
"611","ngebantu bangett"
"612","i am happy"
"613","thanks for your support"
"614","saya udah jawab beberapa keluhan namun sepertinya feedback dari mereka baru saya terima setelah saya menginstal ulang aplikasi ini"
"615","kok saya diblocked ya trus gak bisa login lagi apa ada pertanyaan yang salah padahal dah level  kecewa banget perasaan saya bagus aja ngasih jawaban"
"616","konseling yang membantu"
"617","hai developer riliv  jika ada orang yang menyalahgunakan dan berkata kasar sudah dilaporkan knp tidak dibanned akunnya oleh pihak riliv  padahal sangat mengganggu sekali"
"618","mantab"
"619","baru saja install dan belum coba curhat baru liat isi aplikasinya tapi begitu tau ada ruby dan sayangnya gak bisa in app purchase mungkin ke depannya bisa pake in app purchase buat beli ruby biar lebih gampang"
"620","pada saat bermasalah dengan sistem dimana kita sedang membutuhkan bantuan sang admin malah read doang pas kita tanya"
"621","curhat yang baik"
"622","kita lihat seperti apa ni aplikasi"
"623","gda notif jd mst d cek trus syg bgt akan lbih bgus klo ad notif kyak chat"
"624","saya merindukan riliv yang dulu selain konseling berbayar dengan psikolog  tapi bisa minta bantuan dari komunitas siapapun dengan gratis sekarang  tidak "
"625","sangat membantu untuk sharing dan curhat masalaah pribadi walaupun tidak curhat dg expert dan hanya komunitas tp sangat membantu terima kasih riliv"
"626","buat sekedar nulis yang sedang dirasakan sih lumayan oke gak tau juga kelanjutan nya gimana soalnya pakai level berbayar juga"
"627","sharing pengalaman dg nuansa kondisi seakanakan senasib membuat kita meningkatkan empati penting karena sekarang masa krisis empati"
"628","saya sangat senang dengan riliv yang dulu karna ga ada ruby ruby an tau kalo mereka juga pasti butuh feedback alias duit karna capek buat apa kalo ga ada hasil nya  sekarang dengan ruby ruby semua jadi males  skrg ada fitur totally free free coba deh cek community nya rame apa ga  kecewa bgt dulu sering di balas sama yg expert ngena bgt and to the point laa ini semakin jelek kecewa dah  mending kamu ganti ruby dengan sesuatu yg ga bayar baik like atau apapun itu"
"629","huruf sama background nya sama sama terang lumayan sulit buat baca anyway good app "
"630","recommended buat yg lagi galau ttg kehidupan reliever nya bener top "
"631","karena setiap orang perlu berbagi dan konsultasi aplikasi ini cukup membantu "
"632","susah ng post lah "
"633","masih newbie belum ada jawaban"
"634","cukup lega utk mlepas beban dan brbagi cerita dgn yg lain"
"635","sangat membantu thx riliv"
"636","ketika muncul notif lalu menurunkan layar notifikasi notifikasi riliv kosong pls fix"
"637",""
"638","good"
"639","seharusnya kalau ada notifikasi biasanya ada tandanya atau di curhatan yang mana notifikasi itu muncul sedikit membingungkan kalau tidak ada tanda atau di curhatan yang mana saja notifikasi itu muncul jadi harus di cek satu demi satu "
"640","seneng bisa bantu orang orang yang dalam masalah disini tapi ada pembatasan dengan orang yang bisa kita curhat apa ada alasan tentang pembatasan ini"
"641","waah"
"642","mantapppp"
"643","di awal pakai emang pas lagi gangguan server jadi nunggu sampe  hari baru dapet respon tapi its worth to wait karena susah sekali nemuin therapist di indo  tarifnya cukup mahal app ini ngebantu banget saran utk kedepannya response mungkin bisa lebih cepat"
"644","dulu pas yg pertama masih bisa free konsul ke mhs psikolog atau ke psikolog harusnya ga usah ditulis curhat dgn psikolog kalo ternyata g bisa secara free konsul ke psikolog tersebut selain itu ada keterbatasan jumlah curhatan yg muncul di timeline kalo bisa kita bisa lihat semua curhatan yg pernah di post"
"645","suka sm app ini "
"646","aplikasi ini membantu banget untuk sebagai mahasiswa psikologi sendiri bisa dijadikan tempat observasi dan latihan untuk menangani klien dengan baik tentunya untuk umum aplikasi ini tentu saja dapat dijadikan tempat selain keluarga dan sahabat yg bisa memberikan masukan atau bahkan membantu masalah yg mereka sedang hadapi sangat disarankan"
"647","ga bisa login"
"648","we can share with anonymous id confidentially saved"
"649","login pke email mau masuk nunggu loading smpe  jam tetap saja ngk ada perubahan ngk masuk"
"650","seruu"
"651","bagua koq aplikasinya bisa curahin apa z tanpa malu krna gak da yang kenal kita  tp knp untuk ke yang pisikolognya bayar ya  dan q gak punya cukup banyak ruby untuk bisa ke pisikolognya dan untuk dapat ruby koq cuma musti bayar ya  gak da cara lain kah untuk dapat rubynya  tq ya "
"652","untuk respon pmberian bintang pada advicer knapa tidak bisa saya klik bintang nya mohon info dan bantuan nya"
"653","riliv aplikasi yg sangat bagus sy baru mulai menggunakanya selama seminggu ini dimana sy jg bisa ikut membantu orang tapi sayangya kenapa yah ada batasan dalam membantu orang  padahal kami sebagai para reliver kan ikut membantu kenapa dikenakkan limit dalam menjawab  boleh tau alasanya  padahal kami datang sebagai reliver kuq dikenakkan limit lagi jujur sy agak sedih melihat ada yg bertanya d feed tp g bs d jawab krn dikenakan limit dlm menjawab sy ckup kecewa untuk fitur limit answer yg ada"
"654","udah bagus hanya saja ketika saya edit lokasi karena salah pilih tibatiba ada pesan please update to newest version lalu exit sendiri please fixx"
"655","tidak ada kebijakan privasi yg jelas mengenai bagaimana mereka mengolah data kita sperti kebutuhan riset komersil dsb terburuknya utk setiap posting dg riliver harus membayar melalui rekening dan konfirm melalui email scara personal dg admin dimana privasi rekening email nama asli dan akun tersinkron lainnya terbuka dg para admin lebih buruk lagi kita tdk dpt memilih riliver atau expert para psikolog yg kita sukai tetapi adminlah yg akan memilih shingga adminpun tau rahasiamu bad"
"656","kakaa admin kenapa curhatan kita yg lama kehapus yaa mungkin kalo bisa jangan dihapus supaya kita bisa review lagii timakasii"
"657","aplikasinya cukup bagus ini tapi untuk masalah yg bisa dilihat memang  saja atau kebetulan memang tidak terlalu banyak terus apakah jika kita posting masalah yg bisa menanggapi hanya  orang saja saya tadi juga coba mengganti username tapi tidak bisa bilangnya versinya belum update dan force close"
"658","login d suruh liat email tp d email gak ada tuh notifikasi pengaktifan akun hadehh  yauda di uninstal aja"
"659","it helps a lot of people"
"660","gabisa login katanya suruh cek email tp gaada email apa "
"661","fast response and recomended  thnkyouu"
"662","baru daftar udah ada notif scheduled maintenance trus diminta cek email tp gak ada yg masuk gmn sih"
"663","dulu riliv itu aplikasi favoritku tapi kok semakin lama semakin aneh dulu waktu masih gratis dan bisa milih psikolog sendiri itu benarbenar membantu psikolognya juga banyak dari yang regular sampai yang expert sekarang kita harus bayar bahkan kalau mau curhat pada psikolog regular sekalipun ngapain curhat gratis di community yang sepi di forumforum kan bisa lebih rame lagi langsung aja aku uninstall aplikasi ini not recommended anymore"
"664","saya sudah bayar tolong diupdate jumlah ruby"
"665","masih belum bisa register"
"666","kenapa ya aku ngga bisa daftar abis isi profil katanya riliv has stopped"
"667","setiap udah kasih curhat tulisanya waiting trs"
"668","kenapa harus ada rugby bikin susah ga nyaman"
"669","cobalah beberapa improve untuk masalah nilai ruby jangan hanya metode membeli saja"
"670","bagus pokoknya deh"
"671","psikologi untuk indonesia"
"672","please make it as non profit app take it as charity or else i prefer donate option than this"
"673","dulu enak gak pake coin dan ruby sekarang harus pake tambah bikin ribet kambaliin kayak dulu aja"
"674","respon lama males nunggunya"
"675","useful"
"676","semoga relievernya semakin banyak ke depannya banyak yang galau bro"
"677","aplikasi ini sangat membantu"
"678","this is the best"
"679","tidak ada satupun balasan walaupun sudah lewat dari  hari"
"680","riliv akan mendengarkan curhatanmu sepanjang apapun dan akan memberikan solusi buat masalahmu"
"681","great app thanks buat reply nya yaa"
"682","thanks for fast response and the advice   "
"683","terima kasih atas jawabannya semoga makin berkembang aplikasinya agar semua org bisa bahagia "
"684",""
"685","kece abis"
"686","riliv bagus bgt buat km yg pgn curhat dengan solusi top dr psikolog dan ga bakal bocor kemana sukses riliv "
"687","ga pernah d bales "
"688","jawaban sangat membantu tidak hanya memberikan jawaban tapi mampu untuk memberikan pencerahan"
"689","adminya cepat menanggapi ketika curhatan tidal dibalas makasih"
"690","slow respon"
"691","perlu bnyak psikolog yg online dan veri ios plis"
"692","it can help us to get the solution"
"693","sukak dgn apps ini"
"694","kok saya klik become relievernya ga bisabisa ya bisa dibantu"
"695","cukup membantutetapi mungkin lbih ditambah lagi publikasinya supaya lbh bnyak para riliver yg bisa sukarela mjwab prtnyaan"
"696","unik dan bagus"
"697","bagus banget fast respon relievernya ramah enak banget buat jadi temen curhat the best lah pokoknyaa"
"698","jawabn jawabn dari relievernya nenangin banget adem kayak air es highly recomended cuman harus sabar yaa krn para reliever jg pnya kesibukan sendiri udah nyempetin di jawab ama reliever alhamdulillah bangett apresiasi tinggi buat reliever nya yg udh mau mbaca dan membalas curhatan kita yang kadang segunung dan mbuletisasi d"
"699","g nyesel kalian curhat disini tanggapan sangat ramah sekalitengkyuu"
"700","asik banget curhat disini berasa curhat sama temen sendiri"
"701","best sharing communication"
"702","good"
"703","super"
"704","not bad"
"705","kalian harus coba app ini dijamin enak deh fast respon juga walaupun cuma beberapa sih hihihi"
"706","recommended bgt buat org org yg bingung mau curhat ke siapa yg lg ada masalah responnya jg lumayan cepat thank you"
"707","recommended banget cerita disini release banget adminnya sangat membantu keep it up riliv "
"708","helpfull tapi kadang connection error oiya kok mau nulis judul post gabisa mesti ada tulisannya  characters minimum"
"709","sangat membantu dapat berbicara dengan para psikolog yang ramah dan adminnya juga fastrespon tentu saja menjadi referensi penyemangat studyku yang sama dengan mereka enjoy bgt curhat disini sekali lagi terimakasih riliv"
"710","aplikasi untuk kesehatan mental buat kamu yang punya masalah bisa curhat di platform terpercaya ini go riliv"
"711","konsep aplikasinya bagus ui lumayan tapi masih kurang fast response  feedbacknya positif tapi sepertinya belum bisa kirim lebih dari  pesan ya soalnya kebiasaan chat pake enter walktrough imagesnya kurang hi res hehe overall ok"
"712","adminnya ramah asik diajak curhat dan fast respon"
"713","recommended"
"714","have relievers as a friend to talk is relieving "
"715","sangat membantu tetapi load response yang lama terkadang kekirim dua kali"
"716","harus diperbanyak kreatifitas anak muda kyk gini maju terus"
"717","its so riliving that now you can share to somebody or something  bout everything without having worried youll be judged keep it up"
"718","recomended buat yg lagi galau"
"719","aplikasi ini sangat membantu highly recommended deh y"
"720","really good app  "
"721","help like angel"
"722","easy to use"
"723","good"
"724","saat akan submit trus pas mau send dah nulis panjang minta relogintrus pas login lagi balik awal lagiapakah itu udah terkirim thanks"
"725","saya tadinya merasa tidak punya siapasiapa tapi semenjak mulai curhat dengan para reliever di riliv saya tidak lagi merasa sendirian aplikasi ini sangat membantu saya yang sedang dalam masalah"
"726","sudah ketik curhat panjang eh pas mau send harus relogiin kesel banget jadinya pas cek ke post yg ke send masih kosong jadi blm kekirim dong masa harus ketik curhatan dari awal lagi"
"727","saran yg diberikan sangat logis dan tidak mengada karena yg memberikan saran adalah para ahliprofesional di bidang psikologi"
"728","pas lg pgn bgt curhat udah capek ngetik malah connection error"
"729","terimakasih riliv atas tambahan pandangannya so cool"
"730","connection error terus"
"731","baru selesai download begitu msk dn sdh login giliran msk kok selalu conection error yaah trus begitu bs msk waktu klik talk langsung unfortunately riliv has stop tlg d perbaiki"
"732","bagi yg pengen curhat sekaligus butuh solusi yg objektif bisa pilih riliv untuk menemukan jawaban yg kamu mau"
"733","thank you "
"734","mantab membantu banget"
"735","menarik"
"736","judul menjelaskan mungkin buat yg mau curhatcurhat gebetan bisalah buat para abg emang aplikasi ini cocok tapi yg mengharapkan psikolog beneran aplikasi ini tidak disarankan buat anda better get a real help in the real world with real money"
"737","great app hope world can get a new smile with riliv"
"738","semakin kesini tambah keren euy kalo boleh saran apa yg ada di instagram dipindah ke aplikasi juga kan gak selamanya user buka riliv kalo ada masalah sptw bisa dikombine dgn seputar ilmu dan artikel tentang psikologi quote nasihat dll jd gak hanya buka riliv untuk chat ke relievernya tapi kita bisa dapat baca baca psikologi itu jg sangaat menarik krn banyak hal yg gak ditahu oleh orang tentang diri mereka sendiri tp secara psikologi punya makna berarti  good luck"
"739","works well the developers also give fast response for any feedback from users"
"740","great apps "
"741","cara gabung jadi relievernya gmn min"
"742","aplikasinya lucu"
"743","sayang respons dari reliever masih terlalu lama mungkin penambahan status last activityseen si reliever bisa membantu user untuk mencari mana reliever yang lagi aktif atau siaga jadi yang mau curhat ga keburu mengambil tindakan bodoh hehe siap nambah bintang kalo ada perbaikan signifikan "
"744","help me enough "
"745","keren  tapi ada beberapa hal kecil yang lupa disertakan padahal penting uga kaya tombol forgot password atau kalo register dan username uda terdaftar ga ada tombol balik ke login itu aja sih overall okeey "
"746","masih binggung cara makainya terutama ketika create post"
"747","saya kebingungan menggunakan apk ini bahkan cara mengganti foto profile saya kebingungan mohon ditambah menu yang lebih spesifik"
"748","aplikasinya inovatif "
"749","nice"
"750","bagus cuma di bagian meditasi favourite hanya menampilkan maksimal  aja ya kalau pilih favourite lebih dari  meditasi dia nggak muncul yang ke  nya di bagian favourite nggak ada tombol nextnya tapi ketika di delete salah satu muncul yang kelebihan sebelumnya kayak bug gitu ya jadinya"
"751","baru aja di install tapi app g bisa dibuka unfortunatelly riliv has stopped"
"752","keseluruhan sih bagus ada  sesi penyegaran yang error gak bisa diputar"
"753","gue jarang bgt ngasih penilaian sih tp ini aplikasi parah bgt gajelas crash tiap kali udah gitu sesi nya gajelas gada penjelasan diawal pas gue udah cerita panjang lebar baru ada chat minta detail cerita dan data gue gue bayar rb ludes gitu aja karna applikasinya parah bgt gausah di download parah bgt pelayanannya juga jelek bgt"
"754","app ini sangat tidak membantu saya sama sekali ujungnya psikolog hanya meminta saya untuk menyelesaikan masalah saya sendiri terus psikolog gak tau sopan santun gak pake salam dan semacamnya dan langsung menyelesaikan sesi tiba tiba uang gak dikembalikan gak masalah terserah mau diganti atau tidak tapi jika tidak ada reply dari kalian sama sekali ini totally scam dan mempermainkan kesehatan mental seseorang"
"755","terimakasih sudah mewadahi permasalahan kami recommended banget buat curhat kapan aja dimana aja udah gitu fast respond banget"
"756","saya sudah membeli paket yang best seller saya chat psikolognya gak di bales sampe paket saya habis saya udah berusaha hubungi lewat line cuma jawabannya nanti akan di cek tapi gak ada info kelanjutannya"
"757","tidak dapat digunakan oleh pengguna yang sedang dalam masa self harm"
"758","great app klo semisal dibandingin sama effortnya buat cari psikolog langsung terus datengin tempat praktek belum lagi bayarnya yg mahal pake aplikasi ini ngebantu banget prosedurnya sama kayak psikolog offline masih perlu milih jadwal konseling dulu dan wajar sih tapi beneran ini lebih fleksibel  effortless sempat ga cocok sama satu psikolognya tp ternyata boleh ganti ke psikolognya yg lain i feel so much better now "
"759","bagus meditation nya tapi konsultasinya gk recommended sih  coba paket yang sekali konsultasi langsung gak pgn lagi hehe psikolog cenderung memojokkan dan bikin aku malah jadi makin ngedown rasanya ada beberapa masukan yg berguna tp ya gk bnyak  ada nanya tentang background aku tp nanya doang gk kasih conclusion atau saran apa  gk fast respon padahal dh mantengin hp terus biar  jam bisa bener efektif"
"760","mohon aplikasinya ditingkatkan khususnya bagian chattingkonseling user experience kurang nyaman ketika idle lalu ada notif jawaban dari psikolognya kemudian klik notifikasi untuk buka chatnya tidak langsung masuk ke halaman chat tapi loading dr awal lagi sama pesan dari pengguna dan psikolog serasa ada jeda sekian detik jadi kadang tidak realtime percakapannya psikolognya sendiri sudah bagus responsif semangat tim riliv youre on the right direction"
"761","baru coba aplikasi ini sebenarnya bagus aplikasi ini bisa share uneguneg dengan nama samaran tapiiiiiiiiiii ini rawan kalo pake yang free itu pas di pertengahan sesi curhat rawan banget topik berganti jadi hal di luar yang semestinya kita gak kenal orang itu terus dia minta data yang agak pribadi di chat ini ganggu sih saran gue buat kalian yang coba ini mending ke expert langsung tapi coba direview lagi chat yang gratis ini soalnya rentan digunain sebagai ajang sok kenal sok dekat terlebih lagi si supports ini ada aja yang gak solved permasalahan kita lebih ke jawaban sekenanya aja   thx"
"762","siapapun yg diajak jd parter affiliate oriliv jgn maumou dilanggartau brs ga sediain kontenfollowers byktp affiliate akun under k followersny beli  jago pencitraanproduk mindfulness tp ga ngerti conflict management klarifikasi tiap asumsi jg judge mentalsy kcw pd andaini produk kemanusiaan tp jadikan panen saat covid  tdk ada itikad baik pd partner yg sdh bantu promosikan byk meditasi gratis ga usah kesinibackground mereka jg blom tentu psikologi jgn main sm masalah mental"
"763","haii reliv sebelumnya saya ucapkan terimakasih banyak telah memberikan sumbangsih terhadap ilmu psikologi khusus nya untuk memasuki era psikologi digital first sight sensasi yang saya dapatkan adalah aplikasi ini kurang dapat di sisi formalitas nya hal ini dikarenakan pada saat pengisian biodata tidak terlalu lengkaphal ini mungkin data confidential namun kembali dari proses pembuatan apps bahwa bagaimana memberikan kenyamanan dan keamanan dari customerklien selanjutnya adalah pada hal raportkesan pertama pada saat customer memulai chat gratis dengan community support saya rasa dengan yakin bahwa support tidak memulai nya denga good raport  lalu yg terakhir adalah apps ini tidak memberikan experience terhadap customer karena kalo kita merujuk pada ecommerce maka customer experience adalah suatu hal yang sangat wajib  but di luar dari itu semua nice try untuk riliv kerja hebat"
"764","gabisa daftar lewat apapun"
"765","sangat buruk setiap mau konseling pasti selalu error periksa koneksi internet padahal buka aplikasi lain jalan"
"766","terima kasih telah membantu saya untuk lebih tenang dalam menghadapi masalah yang saya hadapi"
"767","thats a perfect app everyone must installed it"
"768","aku suka pelayanannya scr teknis tapi saat aku konseling dengan psikolog ttg isu yg sgt sensitif advicenya gak membantu sm sekali bukannya bersikap netral tapi dia malah bias dgn personal valuenya advicenya jg out of context dan ga relevan penuturan bahasa dan penyampaian pesannya pun ada bbrp yg kurang sopan mungkin di app lain ini byk expert lain yg bagus tp mungkin aku bad luck aja akan lebih baik kl kita bs pilih psikolog sendiri jd bs background check sendiri"
"769","daftar aja susah gimana mau bantu konseling"
"770","syg sekali riliv tidak seperti dulu yg bisa saling berbagi cerita diantara para user"
"771","force close when i opened the app"
"772","bark nyobasemoga app nya berguna ya"
"773","thankyou riliv aplikasinya mantp sangat membant sekali"
"774","such a great app love how people got helped"
"775","help me to open my mind"
"776","pokok nya ini aplikasi chat n cari temen yang oke banget sih menurut gue"
"777","good aplikasi sangat membantu saya banget"
"778","thank you riliv"
"779","sangat membantu saya dalam menyelesaikan madalah seharihari terimakasih riliv"
"780","makasih untuk free seminggunya  lumayan signifikan ngubah kebiasaan dan ketenangan diri"
"781","sepertinya aplikasi bagus baru coba"
"782","lumayan ngebantu nata idup lu"
"783","sangad membantu untuk semua orang yang bingung untuk bercerita tentang masalahnya"
"784","salah satu masalah hidup uang sekarang mau konsultasi aja pake uang emang g ada uang g bisa apa apa"
"785","masa nanya info beli rubi aja dibalasnya  hari kemudian"
"786","aplikasi yang membantu banget makasi riliv"
"787","aplikasi ini sangat membantu saya dalam belajar hal meditasi"
"788","jadi gampang buat ketemu psikolog terimakasih sudah membantu saya riliv"
"789","jelek appnya bug terus sampe saya tidak bisa mengakses chat"
"790","baru download malah app nya gak bisa dibuka"
"791","sering banget lagi pakai app terus proses gagal"
"792","jangan putus asa dulu ada riliv sebagai solusi"
"793","bagus untuk masyarakat dan juga untuk relievernya"
"794","kalau paket  rb itu perkenalan jd cuman bisa cerita awal gk dikasi  solusi ya"
"795","app nya tidak bisa dipakai tolong diperbaiki segera"
"796","best app ever"
"797","baru mulai uda males duluan input tanggal lahir nya bgitu caranya"
"798","suka banget aplikasi nya"
"799","ini sunggu sangat amat membantu saya"
"800","awesome apps"
"801","ngetik  kata dan cuma direspon sabar aja ya itu rasanya  ok uninstall"
"802","love it "
"803","very good"
"804","terima kasih sudah membuat sesi meditasi yang membantu mengatasi kecemasan  semoga sukses dan terus membantu banyak orang lagi"
"805","cool"
"806","aku gagal melakukan login dan daftar akun kenapa ya"
"807","knp selalu gagal utk daftar"
"808","ga bisa buat konsul psikolog ya kalo dibawah umur thn"
"809","thanks"
"810","not bad lahh"
"811","sudah  hr saya mau download ga bisa kenapa nih pdhl memory di hp masi amat cukup"
"812","keren aplikasinya ohiya saya mahasiswa psikologi kirakira saya bisa ikut ngebantu ga ya jadi reliever"
"813","servernya bikin sedih"
"814","sangat mudah digunakan"
"815","tdk memberikan solusi"
"816","sangat berguna sekali"
"817","kalo mau konseling bayar gak sih"
"818","good apps"
"819","nice app"
"820","good application"
"821","rata berbayar sampah"
"822","saya coba semoga memuaskan"
"823","terimakasih kebantu banget dengan adanya riliv nggak perlu malu buat ketemu psikolog sekarang ada meditasinya juga makin kece dahhh"
"824","hatihati jebakan"
"825","good"
"826","good"
"827","great"
"828","good"
"829","good"
"830","aplikasi bagus untuk membantu kamu yg sdg merasa tidak baik baik saja  sesi konseling dgn psikolog professional dan meditasi yg menenangkan fikiran"
"831","teman tidur"
"832","good"
"833","ini bukan aplikasi curhat ke psikolog  hanya curhat ke sesama manusia aja gk ada ilmu ttg psikolognya sm sekali  cuma sperti curhat sm org biasa"
"834","riliv yang dulu lebih menarik dengan konsep free curhat dengan org yang  kita g ketahui karena g semua curhat butuh konseling atau ahli cuma  butuh didengafkan"
"835","akhir ini beberapa orang di riliv ada yang nge post bukan tentang curhatanmasalah mereka melainkan hal yang ga perlu ditanggapi"
"836","nyobain free trial cerita panjang lebar kirain bakal dikasih solusi  dikit gt gataunya langsung ditawarin paket trial macam apa ini"
"837","sukaa banget paling aku sukai bagian journalnya sii soalnya dikasih pertanyaan gituu jadi gak bingung mau nulis apa thank youu riliv"
"838","sepi banget"
"839","suka sekali dg riliv tp ada yg pengen dimeditasi cuma ga pas sm suaranya misal pengen meditasi kecemasan cocoknya sm suara si mbak eeh tp suara si masnya"
"840","chat saya butuh waktu belasan menit hanya untuk diread psikolognya juga tidak paham mengenai topik yang didiskusikan mengenai lgbtq rasanya malah buang buang waktu dan uang"
"841","saya sudah pernah menginstall app ini lalu terhapus saya coba install lagi tapi tidak bisa dan saya sudah membersihkan memori dan semua step troubleshooting yang ada kenapa ya"
"842","ntaps jiwa"
"843","sangat bermanfaat"
"844","bagus banget"
"845","suka banget"
"846","kewren nget nget"
"847","yang bikin males itu harus ke line dulu kenapa sistemnya ga bayar dan chat di appnya aja jadi ga usah konfirm ke line dan chat di line jadinya repot  kali buat contoh appnya ya semacam alodokter terus slowres banget"
"848","keren"
"849","parah"
"850","aplikasi ini sangat membantu dalam mengatasi masalah psikologis pelayanan konselingnya sangat baik dan benarbenar memberikan efek yang membangun saya menyarakan siapa saja dengan masalah psikologis untuk mencoba aplikasi ini terima kasih riliv "
"851","kalo mau jadi listener harus lulusan psikologi agak berlebihan sih kayanya aplikasi yg persis kaya gini dari luar negeri ga harus lulusan psikolgi org awam juga bisa aja yang penting gmn bisa jadi listener yg baik aja kan"
"852","ok"
"853","bayar"
"854","no"
"855","like it"
"856","mantuulll"
"857","awesomee"
"858","menginspirasi"
"859","gooddd"
"860","minggu pertama aplikasi masih berjalan lancar tpi setelah  minggu aplikasi tdk bisa dibuka tulisannya tdk ad koneksi pdhal koneksi pd saat itu ada dan cukup kencang mohon diperbaiki pdhal saya sudah membeli paket riliv disana "
"861","cukup seru bisa jadi diary cuman gak suka sama balesan admin php aku pikir saran dari pengguna eh ternyata cuma pemberitahuan kalo curhatan kita belum ada yg respon yg kaya gitu mending gausah"
"862","ketika kita menulis masalah penanggap umum tidak akan bisa langsung melihat masalah kita masalah kita tidak akan langsung muncul di kolom masalah untuk bisa langsung ditanggapi bukan karena sibuknya penanggapkurang banyak penanggap tapi memang sistem appnya sudah mencegah curhatan kita untuk langsung muncul mungkin agar kita gerah dan ingin konsultasi yang cepat yaitu ke psikolog pilihan riliv yang berbayar"
"863","kecewa buat mulai tergerak nyoba konseling aja lama bgt sekalinya udah tergerak nyoba app ini bayar pas harih udah chat ga ditanggepin seharian baru konfirmasi kalau berhalangan dan reschedule setelah berjamjam berhalangan itu gapapa banget tp konfirm dari awal lah jadi ga nungguin dan ga merasa chatnya diabaikan"
